experiment_name,target_key,target_label,input_type,behavior_scope,n_total,n_train,n_test,n_features,n_features_raw,cv_folds_total,cv_MAE_mean,cv_MAE_std,cv_RMSE_mean,cv_RMSE_std,cv_R2_mean,cv_R2_std,cv_R2_min,cv_R2_max,test_MAE,test_RMSE,test_R2,status,error
qids__imaging_only,qids,QIDS depression severity,imaging_only,none,212,169,43,73,516,15,3.7066095146542115,0.34861719758385207,4.582731935852189,0.5839754315330203,-0.05115783329951024,0.07989696705642946,-0.1446961727329672,0.10245933557704157,4.008112023286738,4.954446901176929,-0.11247021997596751,ok,
qids__behavioral_only__all,qids,QIDS depression severity,behavioral_only,all,212,169,43,206,203,15,2.1737446799062643,0.30254402647310763,2.9041766860499343,0.5002180321985498,0.5787051379527536,0.06850714552414722,0.44918930776530475,0.7336290434260578,2.034043105233552,2.809788051893819,0.6421960255466157,ok,
qids__behavioral_only__relevant,qids,QIDS depression severity,behavioral_only,relevant,212,169,43,24,21,15,2.1892540624749453,0.33378911294177427,2.8511177959367116,0.4606161062149831,0.5884181296667522,0.09315652418618373,0.367144648571894,0.7087163441949345,2.2306062052105933,2.8346214525580344,0.635843407448164,ok,
qids__behavioral_only__category,qids,QIDS depression severity,behavioral_only,category,212,169,43,10,7,15,2.405080904360536,0.3701599864201648,3.249661619222695,0.4991064149517042,0.46765044005234263,0.09643266782765761,0.2914488011207358,0.5967686191274811,2.823436433588453,3.544697990228372,0.4305487959280643,ok,
qids__behavioral_only__non-symptom,qids,QIDS depression severity,behavioral_only,non-symptom,212,169,43,195,192,15,2.3567251551359756,0.3000897771114902,3.1806632683981366,0.5019830503212795,0.4949539114290856,0.06446314907060255,0.3901570507922423,0.6522537104986483,2.2333916627704755,3.155516215036046,0.5487274989797502,ok,
qids__multimodal__all,qids,QIDS depression severity,multimodal,all,212,169,43,279,719,15,2.2306228039809004,0.32759521404934994,2.98146603985235,0.5260231280575832,0.5570789997890405,0.06937310753345452,0.40921501896646006,0.7022957334425161,2.1096374304032506,2.9020547085313164,0.6183113654740442,ok,
qids__multimodal__relevant,qids,QIDS depression severity,multimodal,relevant,212,169,43,97,537,15,2.4416361709133367,0.3491475332796764,3.1791336599698865,0.5070254228882278,0.49474544357320405,0.0740884505438924,0.3568184932925764,0.613964814545757,2.5160373617209357,3.1732832034346226,0.5436314547592687,ok,
qids__multimodal__category,qids,QIDS depression severity,multimodal,category,212,169,43,83,523,15,2.878447600300863,0.369406932338316,3.72189648410488,0.5833242822845596,0.3097888427575749,0.07612619339441455,0.11798009221539008,0.44675719514236756,3.164100878010101,3.916026135501853,0.3049929647756463,ok,
qids__multimodal__non-symptom,qids,QIDS depression severity,multimodal,non-symptom,212,169,43,268,708,15,2.4257194024172413,0.32418170950981956,3.2497618568453137,0.5238237815554052,0.47369644959890417,0.06404083774307053,0.3570882444064871,0.6277134394552786,2.302721853037761,3.2413280004579783,0.5238497689858244,ok,
stai__imaging_only,stai,STAI state anxiety severity,imaging_only,none,219,175,44,73,516,15,11.632847620957724,0.5566609103994438,13.815544355305898,0.6636074354298976,-0.09674834619429505,0.058753878531102935,-0.23692621300281091,-0.0111887036204672,12.196564906185007,14.415837825976693,-0.09988283894711247,ok,
stai__behavioral_only__all,stai,STAI state anxiety severity,behavioral_only,all,219,175,44,205,202,15,5.554417946110834,0.4891055647289814,6.8858946055624095,0.4914579972797156,0.725705290702453,0.04108309897324735,0.6289610320870189,0.7923861765482098,5.58895811300798,7.2893220358837345,0.7187834183561135,ok,
stai__behavioral_only__relevant,stai,STAI state anxiety severity,behavioral_only,relevant,219,175,44,23,20,15,5.765445404858832,0.48730060983177836,7.110226215030634,0.578704776498347,0.7074368537966897,0.04890717791396065,0.5697281978476085,0.7848232075029449,5.719418914980647,7.398512994793165,0.7102953060710615,ok,
stai__behavioral_only__category,stai,STAI state anxiety severity,behavioral_only,category,219,175,44,9,6,15,8.399474707412095,0.802764700000811,10.078110337892157,1.0927985833577083,0.408340353991251,0.13760704966646314,0.06617007614126746,0.5907751036344082,7.670806643470716,10.210307385970903,0.4482475327516411,ok,
stai__behavioral_only__non-symptom,stai,STAI state anxiety severity,behavioral_only,non-symptom,219,175,44,195,192,15,6.210618678073398,0.5043841767756079,7.68627240959187,0.5907007769539303,0.6576479001596851,0.056687940483317455,0.5289111736836907,0.7542381023408401,6.63825205983369,8.271750847137302,0.6378724726799749,ok,
stai__multimodal__all,stai,STAI state anxiety severity,multimodal,all,219,175,44,278,718,15,5.760289690572931,0.4508545964927511,7.132082661917786,0.4703283998700305,0.706258745905966,0.03841256236538682,0.6168843518607627,0.7758669609121774,5.882350238142201,7.538756728707785,0.6992081199202554,ok,
stai__multimodal__relevant,stai,STAI state anxiety severity,multimodal,relevant,219,175,44,96,536,15,6.916634165018837,0.5155791092448105,8.392699636537165,0.5739361369370889,0.5948018643364265,0.04095085729537979,0.49639115587671145,0.6553276738744706,6.78819485025486,8.731504073318536,0.5964988545694452,ok,
stai__multimodal__category,stai,STAI state anxiety severity,multimodal,category,219,175,44,82,522,15,9.846375014922852,0.5788363113498506,11.647022390415714,0.6730238055976259,0.21986930634292684,0.06515357796295171,0.05908845529600881,0.3407749853717692,9.932358252398345,11.93664132940409,0.24589653051380722,ok,
stai__multimodal__non-symptom,stai,STAI state anxiety severity,multimodal,non-symptom,219,175,44,268,708,15,6.419147739476167,0.4856543152355333,7.921335427407522,0.5611170619851341,0.6370207837757603,0.05328376994687906,0.5270959022843797,0.7376128175630954,7.012383778166656,8.598799678468627,0.6086707477019251,ok,
shaps__imaging_only,shaps,SHAPS anhedonia severity,imaging_only,none,222,177,45,73,516,15,1.8886791984163065,0.2166097897276116,2.677900665022343,0.3776151869541554,-0.10101101184450895,0.07973108290918401,-0.2592088235550367,0.019981199677802763,1.3753864034509788,1.6367944751607573,0.027747363497943156,ok,
shaps__behavioral_only__all,shaps,SHAPS anhedonia severity,behavioral_only,all,222,177,45,206,203,15,1.3490679612836167,0.2433794729625466,2.0862734379517955,0.34145199087062594,0.33486751781685165,0.06371651748552529,0.22912481774523785,0.44256003901081187,1.1668427001064234,1.7168410001270176,-0.06967287005863887,ok,
shaps__behavioral_only__relevant,shaps,SHAPS anhedonia severity,behavioral_only,relevant,222,177,45,24,21,15,1.316185053800324,0.23872158401681667,2.087099753980461,0.3488800779170625,0.3325777355723842,0.08326590648057601,0.15885024901908829,0.48036158709022625,1.1151760408581366,1.660610596188978,-0.0007519342570976306,ok,
shaps__behavioral_only__category,shaps,SHAPS anhedonia severity,behavioral_only,category,222,177,45,8,5,15,1.5740341854701374,0.20991604229415736,2.3540868156244117,0.35028842567574076,0.1505173785548045,0.07148004609922669,-0.054799816256287937,0.24007902746368226,1.0612096082359166,1.3940328745986028,0.2947601250340809,ok,
shaps__behavioral_only__non-symptom,shaps,SHAPS anhedonia severity,behavioral_only,non-symptom,222,177,45,195,192,15,1.422390661989688,0.22115072199952449,2.1611277830181033,0.33909648336895576,0.2858089006406709,0.05997647344129158,0.18033791315856773,0.36809327207569054,1.2032092505415863,1.7052146130243682,-0.05523435033252455,ok,
shaps__multimodal__all,shaps,SHAPS anhedonia severity,multimodal,all,222,177,45,279,719,15,1.4198927810076787,0.24482194007387997,2.1577400981339334,0.3427397863832634,0.2878337409422319,0.06436981633562514,0.19358385480152795,0.3964514308489566,1.1706996786884822,1.6853579974728181,-0.030801782935898636,ok,
shaps__multimodal__relevant,shaps,SHAPS anhedonia severity,multimodal,relevant,222,177,45,97,537,15,1.5017401983306549,0.2439113823893605,2.261425652666256,0.3644776987679793,0.2176741878062553,0.07999282252654287,0.07217801187632744,0.3544130139849142,1.1419086115502721,1.578043712927771,0.09629041777428293,ok,
shaps__multimodal__category,shaps,SHAPS anhedonia severity,multimodal,category,222,177,45,81,521,15,1.8241431289239298,0.2197704024843798,2.6100607471985526,0.3788105423587697,-0.045105155604267186,0.0851027297702727,-0.2123380949162641,0.12176691395384376,1.2630193147570237,1.5086132747483323,0.17406346311604914,ok,
shaps__multimodal__non-symptom,shaps,SHAPS anhedonia severity,multimodal,non-symptom,222,177,45,268,708,15,1.5062042994346305,0.2275527323927466,2.2497315381797516,0.3397446589644522,0.22555291324276927,0.05459390876739421,0.14923748457067432,0.3558817900446407,1.2066518401139343,1.6509659714934453,0.010838800352271805,ok,
pss__imaging_only,pss,PSS perceived stress,imaging_only,none,224,179,45,73,516,15,6.169548033198604,0.49653092032851204,7.607361761158331,0.6295696394384764,-0.06429128687650078,0.08826317049537068,-0.22093733837238272,0.06434249332726483,6.7550272876404875,7.910660095745056,-0.18757661124572822,ok,
pss__behavioral_only__all,pss,PSS perceived stress,behavioral_only,all,224,179,45,206,203,15,3.8007603491782,0.379378043741588,4.813297613656388,0.47567962073540276,0.5719581533454361,0.0628161386644342,0.4733504676317506,0.6674837634822479,3.861331575083812,4.723687496940383,0.5765535421933109,ok,
pss__behavioral_only__relevant,pss,PSS perceived stress,behavioral_only,relevant,224,179,45,24,21,15,3.828666082067241,0.40683125977657497,4.870588248350301,0.5949710883598526,0.5598776376809101,0.089220792583697,0.3859684146372433,0.7176104853180183,3.3104062586845897,4.136262984980938,0.6753222897599955,ok,
pss__behavioral_only__category,pss,PSS perceived stress,behavioral_only,category,224,179,45,16,13,15,4.487082320343987,0.390817799662787,5.430730235645684,0.4730033272062788,0.45466652343648845,0.07689516784054254,0.33562700677467716,0.5501878824851711,4.439494203880762,5.202284433685871,0.48640075777215064,ok,
pss__behavioral_only__non-symptom,pss,PSS perceived stress,behavioral_only,non-symptom,224,179,45,195,192,15,4.222335290280752,0.40771121225500484,5.229097879975182,0.4726616989543086,0.4968423911117344,0.05107577506664784,0.3879595158778467,0.573260613784128,4.293484510151434,5.3103433022627184,0.46484278648370114,ok,
pss__multimodal__all,pss,PSS perceived stress,multimodal,all,224,179,45,279,719,15,3.9707509587196403,0.34741135726145544,4.987980199119133,0.47082331485298023,0.5409701403442738,0.05980746789488727,0.4537149144468724,0.6390614735740191,4.032158908334059,4.924870146506339,0.5397161305934299,ok,
pss__multimodal__relevant,pss,PSS perceived stress,multimodal,relevant,224,179,45,97,537,15,4.20740477076735,0.3809086817723053,5.29524608822945,0.5447155384095114,0.4834829301849349,0.0691190138192391,0.3811408435802921,0.6155769087064823,4.207715957685927,5.010681675426305,0.5235363055852789,ok,
pss__multimodal__category,pss,PSS perceived stress,multimodal,category,224,179,45,89,529,15,5.00953366449292,0.35398281836002277,6.193925936060102,0.5247657336823378,0.29412935406998747,0.066326007757631,0.1304700931328191,0.36746684794918527,5.535049235986493,6.487088465625091,0.20138800591613104,ok,
pss__multimodal__non-symptom,pss,PSS perceived stress,multimodal,non-symptom,224,179,45,268,708,15,4.379136380694572,0.37777466498288415,5.384976009748967,0.46095432812643217,0.46601763742158203,0.05262288398740141,0.367709217469248,0.560553187491824,4.505354758943265,5.513822631426451,0.42304522686698254,ok,
